Hashtag,url,likes,comments,Caption
"#bangles","https://www.instagram.com/p/DNpCr6zRzNI/","","",""
"#bangles","https://www.instagram.com/p/DJq5qeLyETx/","","",""
"#bangles","https://www.instagram.com/p/DNKTVp_J1WU/","","",""
"#bangles","https://www.instagram.com/p/DJzS8DksIJV/","","",""
"#bangles","https://www.instagram.com/p/DJGWQAgSAJA/","","",""
"#bangles","https://www.instagram.com/p/DPGqpfCk_3a/","","",""
"#bangles","https://www.instagram.com/p/DKi91CcsX7s/","","",""
"#bangles","https://www.instagram.com/p/DM7h1IByzNm/","","",""
"#bangles","https://www.instagram.com/p/DNkpJlTPYPr/","","",""
"#bangles","https://www.instagram.com/p/DPd0mAikl_q/","","",""
